action_id,deviation_id,owner_role,created_on,due_on,completed_on
A0003-0,D0003,QC,2026-06-26,2026-07-10,2026-07-24
A0003-1,D0003,QA,2026-06-27,2026-07-18,
A0006-0,D0006,QC,2026-02-23,2026-03-09,2026-03-12
A0006-1,D0006,QA,2026-02-24,2026-03-17,
A0009-0,D0009,QC,2026-04-22,2026-05-06,2026-05-26
A0009-1,D0009,QA,2026-04-23,2026-05-14,
A0012-0,D0012,QC,2026-01-15,2026-01-29,2026-01-27
A0012-1,D0012,QA,2026-01-16,2026-02-06,
A0015-0,D0015,QC,2026-04-06,2026-04-20,2026-04-17
A0015-1,D0015,QA,2026-04-07,2026-04-28,
A0018-0,D0018,QC,2026-04-11,2026-04-25,2026-04-26
A0018-1,D0018,QA,2026-04-12,2026-05-03,
A0021-0,D0021,QC,2026-06-08,2026-06-22,2026-06-25
A0021-1,D0021,QA,2026-06-09,2026-06-30,
A0024-0,D0024,QC,2026-03-28,2026-04-11,2026-05-03
A0024-1,D0024,QA,2026-03-29,2026-04-19,
A0027-0,D0027,QC,2026-02-27,2026-03-13,2026-03-31
A0027-1,D0027,QA,2026-02-28,2026-03-21,
A0030-0,D0030,QC,2026-03-08,2026-03-22,2026-03-31
A0030-1,D0030,QA,2026-03-09,2026-03-30,
A0033-0,D0033,QC,2026-01-16,2026-01-30,2026-01-31
A0033-1,D0033,QA,2026-01-17,2026-02-07,
A0036-0,D0036,QC,2026-03-09,2026-03-23,2026-04-09
A0036-1,D0036,QA,2026-03-10,2026-03-31,
A0039-0,D0039,QC,2026-03-20,2026-04-03,2026-04-12
A0039-1,D0039,QA,2026-03-21,2026-04-11,
A0042-0,D0042,QC,2026-05-13,2026-05-27,2026-06-18
A0042-1,D0042,QA,2026-05-14,2026-06-04,
A0045-0,D0045,QC,2026-05-19,2026-06-02,2026-06-13
A0045-1,D0045,QA,2026-05-20,2026-06-10,
A0048-0,D0048,QC,2026-05-29,2026-06-12,2026-07-04
A0048-1,D0048,QA,2026-05-30,2026-06-20,
A0051-0,D0051,QC,2026-05-24,2026-06-07,2026-06-22
A0051-1,D0051,QA,2026-05-25,2026-06-15,
A0054-0,D0054,QC,2026-06-29,2026-07-13,2026-07-23
A0054-1,D0054,QA,2026-06-30,2026-07-21,
A0057-0,D0057,QC,2026-03-03,2026-03-17,2026-04-04
A0057-1,D0057,QA,2026-03-04,2026-03-25,
A0060-0,D0060,QC,2026-03-05,2026-03-19,2026-03-19
A0060-1,D0060,QA,2026-03-06,2026-03-27,
A0063-0,D0063,QC,2026-01-28,2026-02-11,2026-02-20
A0063-1,D0063,QA,2026-01-29,2026-02-19,
A0066-0,D0066,QC,2026-06-18,2026-07-02,2026-07-23
A0066-1,D0066,QA,2026-06-19,2026-07-10,
A0069-0,D0069,QC,2026-05-02,2026-05-16,2026-05-26
A0069-1,D0069,QA,2026-05-03,2026-05-24,
A0072-0,D0072,QC,2026-03-05,2026-03-19,2026-04-11
A0072-1,D0072,QA,2026-03-06,2026-03-27,
A0075-0,D0075,QC,2026-04-30,2026-05-14,2026-06-02
A0075-1,D0075,QA,2026-05-01,2026-05-22,
A0078-0,D0078,QC,2026-06-01,2026-06-15,2026-06-12
A0078-1,D0078,QA,2026-06-02,2026-06-23,
A0081-0,D0081,QC,2026-01-18,2026-02-01,2026-02-02
A0081-1,D0081,QA,2026-01-19,2026-02-09,
A0084-0,D0084,QC,2026-05-29,2026-06-12,2026-06-10
A0084-1,D0084,QA,2026-05-30,2026-06-20,
A0087-0,D0087,QC,2026-03-25,2026-04-08,2026-04-25
A0087-1,D0087,QA,2026-03-26,2026-04-16,
A0090-0,D0090,QC,2026-05-28,2026-06-11,2026-06-23
A0090-1,D0090,QA,2026-05-29,2026-06-19,
A0093-0,D0093,QC,2026-03-07,2026-03-21,2026-04-12
A0093-1,D0093,QA,2026-03-08,2026-03-29,
A0096-0,D0096,QC,2026-05-25,2026-06-08,2026-06-12
A0096-1,D0096,QA,2026-05-26,2026-06-16,
A0099-0,D0099,QC,2026-04-01,2026-04-15,2026-04-19
A0099-1,D0099,QA,2026-04-02,2026-04-23,
