batch_id,product,manufactured_on
B0001,Demo-Tablet,2026-06-13
B0002,Demo-Injectable,2026-03-04
B0003,Demo-Tablet,2026-06-23
B0004,Demo-Injectable,2026-04-19
B0005,Demo-Tablet,2026-03-01
B0006,Demo-Injectable,2026-02-20
B0007,Demo-Tablet,2026-04-25
B0008,Demo-Injectable,2026-01-02
B0009,Demo-Tablet,2026-04-19
B0010,Demo-Injectable,2026-03-28
B0011,Demo-Tablet,2026-04-02
B0012,Demo-Injectable,2026-01-12
B0013,Demo-Tablet,2026-05-22
B0014,Demo-Injectable,2026-03-17
B0015,Demo-Tablet,2026-04-03
B0016,Demo-Injectable,2026-06-19
B0017,Demo-Tablet,2026-01-21
B0018,Demo-Injectable,2026-04-08
B0019,Demo-Tablet,2026-04-05
B0020,Demo-Injectable,2026-06-29
B0021,Demo-Tablet,2026-06-05
B0022,Demo-Injectable,2026-02-11
B0023,Demo-Tablet,2026-06-13
B0024,Demo-Injectable,2026-03-25
B0025,Demo-Tablet,2026-01-09
B0026,Demo-Injectable,2026-01-17
B0027,Demo-Tablet,2026-02-24
B0028,Demo-Injectable,2026-03-22
B0029,Demo-Tablet,2026-06-14
B0030,Demo-Injectable,2026-03-05
B0031,Demo-Tablet,2026-05-30
B0032,Demo-Injectable,2026-02-05
B0033,Demo-Tablet,2026-01-13
B0034,Demo-Injectable,2026-06-24
B0035,Demo-Tablet,2026-04-08
B0036,Demo-Injectable,2026-03-06
B0037,Demo-Tablet,2026-01-30
B0038,Demo-Injectable,2026-03-10
B0039,Demo-Tablet,2026-03-17
B0040,Demo-Injectable,2026-02-10
B0041,Demo-Tablet,2026-03-09
B0042,Demo-Injectable,2026-05-10
B0043,Demo-Tablet,2026-06-13
B0044,Demo-Injectable,2026-04-06
B0045,Demo-Tablet,2026-05-16
B0046,Demo-Injectable,2026-01-05
B0047,Demo-Tablet,2026-03-20
B0048,Demo-Injectable,2026-05-26
B0049,Demo-Tablet,2026-01-18
B0050,Demo-Injectable,2026-02-02
B0051,Demo-Tablet,2026-05-21
B0052,Demo-Injectable,2026-04-19
B0053,Demo-Tablet,2026-02-24
B0054,Demo-Injectable,2026-06-26
B0055,Demo-Tablet,2026-05-13
B0056,Demo-Injectable,2026-01-17
B0057,Demo-Tablet,2026-02-28
B0058,Demo-Injectable,2026-06-11
B0059,Demo-Tablet,2026-01-09
B0060,Demo-Injectable,2026-03-02
B0061,Demo-Tablet,2026-05-27
B0062,Demo-Injectable,2026-05-02
B0063,Demo-Tablet,2026-01-25
B0064,Demo-Injectable,2026-04-30
B0065,Demo-Tablet,2026-06-17
B0066,Demo-Injectable,2026-06-15
B0067,Demo-Tablet,2026-01-28
B0068,Demo-Injectable,2026-04-25
B0069,Demo-Tablet,2026-04-29
B0070,Demo-Injectable,2026-05-21
B0071,Demo-Tablet,2026-05-19
B0072,Demo-Injectable,2026-03-02
B0073,Demo-Tablet,2026-04-13
B0074,Demo-Injectable,2026-01-01
B0075,Demo-Tablet,2026-04-27
B0076,Demo-Injectable,2026-05-23
B0077,Demo-Tablet,2026-02-18
B0078,Demo-Injectable,2026-05-29
B0079,Demo-Tablet,2026-03-22
B0080,Demo-Injectable,2026-05-09
B0081,Demo-Tablet,2026-01-15
B0082,Demo-Injectable,2026-01-18
B0083,Demo-Tablet,2026-03-02
B0084,Demo-Injectable,2026-05-26
B0085,Demo-Tablet,2026-04-18
B0086,Demo-Injectable,2026-03-22
B0087,Demo-Tablet,2026-03-22
B0088,Demo-Injectable,2026-06-15
B0089,Demo-Tablet,2026-01-19
B0090,Demo-Injectable,2026-05-25
B0091,Demo-Tablet,2026-03-09
B0092,Demo-Injectable,2026-02-03
B0093,Demo-Tablet,2026-03-04
B0094,Demo-Injectable,2026-05-20
B0095,Demo-Tablet,2026-06-17
B0096,Demo-Injectable,2026-05-22
B0097,Demo-Tablet,2026-01-30
B0098,Demo-Injectable,2026-02-09
B0099,Demo-Tablet,2026-03-29
B0100,Demo-Injectable,2026-05-10
