deviation_id,batch_id,category,opened_on,closed_on
D0003,B0003,laboratory,2026-06-26,
D0006,B0006,documentation,2026-02-23,2026-03-26
D0009,B0009,laboratory,2026-04-22,
D0012,B0012,documentation,2026-01-15,2026-02-13
D0015,B0015,laboratory,2026-04-06,
D0018,B0018,documentation,2026-04-11,2026-05-09
D0021,B0021,laboratory,2026-06-08,
D0024,B0024,documentation,2026-03-28,2026-04-16
D0027,B0027,laboratory,2026-02-27,
D0030,B0030,documentation,2026-03-08,2026-04-19
D0033,B0033,laboratory,2026-01-16,
D0036,B0036,documentation,2026-03-09,2026-03-14
D0039,B0039,laboratory,2026-03-20,
D0042,B0042,documentation,2026-05-13,2026-06-06
D0045,B0045,laboratory,2026-05-19,
D0048,B0048,documentation,2026-05-29,2026-07-04
D0051,B0051,laboratory,2026-05-24,
D0054,B0054,documentation,2026-06-29,2026-07-27
D0057,B0057,laboratory,2026-03-03,
D0060,B0060,documentation,2026-03-05,2026-04-13
D0063,B0063,laboratory,2026-01-28,
D0066,B0066,documentation,2026-06-18,2026-07-14
D0069,B0069,laboratory,2026-05-02,
D0072,B0072,documentation,2026-03-05,2026-03-23
D0075,B0075,laboratory,2026-04-30,
D0078,B0078,documentation,2026-06-01,2026-07-10
D0081,B0081,laboratory,2026-01-18,
D0084,B0084,documentation,2026-05-29,2026-07-12
D0087,B0087,laboratory,2026-03-25,
D0090,B0090,documentation,2026-05-28,2026-06-15
D0093,B0093,laboratory,2026-03-07,
D0096,B0096,documentation,2026-05-25,2026-06-07
D0099,B0099,laboratory,2026-04-01,
